features,model,n_features,cv_mean,cv_std,train_mean,fit_time,fold_scores,error
all_57,LogReg L2,57,0.707,0.01691153452528775,0.8915,0.02746434211730957,"[0.685, 0.715, 0.73, 0.715, 0.69]",
all_57,LogReg L1 (Lasso),57,0.715,0.030495901363953807,0.8792500000000001,4.018104457855225,"[0.665, 0.73, 0.74, 0.745, 0.695]",
all_57,Decision Tree,57,0.5119999999999999,0.033704599092705415,0.9914999999999999,0.029373788833618165,"[0.465, 0.495, 0.53, 0.565, 0.505]",
all_57,Random Forest,57,0.711,0.030232432915661956,0.9992500000000002,0.4259848117828369,"[0.695, 0.685, 0.705, 0.77, 0.7]",
all_57,Bagging+DT,57,0.6859999999999999,0.035552777669262334,0.9992500000000002,0.42087483406066895,"[0.645, 0.665, 0.715, 0.74, 0.665]",
all_57,Bagging+LogReg,57,0.716,0.019849433241279225,0.8997499999999998,1.5291791439056397,"[0.695, 0.7, 0.75, 0.725, 0.71]",
all_57,AdaBoost,57,0.6239999999999999,0.033970575502926086,0.8265,1.2192754745483398,"[0.595, 0.605, 0.66, 0.67, 0.59]",
all_57,HistGradBoost,57,0.744,0.03852272056851645,0.9992500000000002,2.3001169681549074,"[0.685, 0.725, 0.775, 0.795, 0.74]",
all_57,XGBoost,57,0.724,0.021307275752662537,0.9992500000000002,2.7712626457214355,"[0.705, 0.71, 0.75, 0.75, 0.705]",
all_57,LightGBM,57,0.749,0.040669398815325546,0.9992500000000002,1.087801218032837,"[0.725, 0.715, 0.785, 0.81, 0.71]",
all_57,CatBoost,57,0.722,0.030757112998459426,0.983,8.850485277175903,"[0.71, 0.7, 0.725, 0.78, 0.695]",
all_57,Perceptron,57,0.5970000000000001,0.042614551505325046,0.7115,0.008980703353881837,"[0.57, 0.57, 0.635, 0.66, 0.55]",
all_57,"MLP (200,100,50)",57,0.6970000000000001,0.03906404996924921,0.9077500000000001,0.33753180503845215,"[0.68, 0.695, 0.7, 0.765, 0.645]",
mi_10,LogReg L2,10,0.544,0.015297058540778338,0.58375,0.3713174819946289,"[0.53, 0.53, 0.535, 0.565, 0.56]",
mi_10,LogReg L1 (Lasso),10,0.5509999999999999,0.015937377450509195,0.5977499999999999,0.9286845684051513,"[0.545, 0.525, 0.565, 0.55, 0.57]",
mi_10,Decision Tree,10,0.484,0.040049968789001585,0.98325,0.33576092720031736,"[0.475, 0.495, 0.485, 0.545, 0.42]",
mi_10,Random Forest,10,0.603,0.016911534525287777,0.9992500000000002,0.6781256198883057,"[0.585, 0.585, 0.605, 0.63, 0.61]",
mi_10,Bagging+DT,10,0.589,0.018000000000000016,0.9992500000000002,0.5158729076385498,"[0.59, 0.58, 0.62, 0.59, 0.565]",
mi_10,Bagging+LogReg,10,0.549,0.009695359714832668,0.5865,1.1443001747131347,"[0.545, 0.535, 0.545, 0.56, 0.56]",
mi_10,AdaBoost,10,0.526,0.02497999199359358,0.65625,0.6482404708862305,"[0.505, 0.515, 0.545, 0.565, 0.5]",
mi_10,HistGradBoost,10,0.5740000000000001,0.018547236990991384,0.9992500000000002,1.4522700309753418,"[0.595, 0.575, 0.585, 0.575, 0.54]",
mi_10,XGBoost,10,0.5900000000000001,0.03286335345030996,0.9992500000000002,1.0928661823272705,"[0.575, 0.62, 0.625, 0.595, 0.535]",
mi_10,LightGBM,10,0.5930000000000001,0.03558089374931439,0.9992500000000002,0.7849503993988037,"[0.575, 0.605, 0.61, 0.64, 0.535]",
mi_10,CatBoost,10,0.6020000000000001,0.011224972160321835,0.866,2.0647511959075926,"[0.605, 0.6, 0.6, 0.585, 0.62]",
mi_10,Perceptron,10,0.38699999999999996,0.04154515615568197,0.42625,0.31563892364501955,"[0.415, 0.35, 0.43, 0.325, 0.415]",
mi_10,"MLP (200,100,50)",10,0.5799999999999998,0.028982753492378863,0.667,0.7345773696899414,"[0.565, 0.605, 0.53, 0.605, 0.595]",
mi_20,LogReg L2,20,0.633,0.02976575213227446,0.69075,0.38127832412719725,"[0.615, 0.6, 0.655, 0.68, 0.615]",
mi_20,LogReg L1 (Lasso),20,0.633,0.02135415650406264,0.6950000000000001,1.3435047149658204,"[0.62, 0.62, 0.63, 0.675, 0.62]",
mi_20,Decision Tree,20,0.505,0.02302172886644268,0.98925,0.32018270492553713,"[0.51, 0.5, 0.515, 0.535, 0.465]",
mi_20,Random Forest,20,0.6649999999999999,0.023452078799117128,0.9992500000000002,0.6558361530303956,"[0.655, 0.645, 0.665, 0.71, 0.65]",
mi_20,Bagging+DT,20,0.656,0.028705400188814637,0.9992500000000002,0.4972389698028564,"[0.63, 0.62, 0.66, 0.7, 0.67]",
mi_20,Bagging+LogReg,20,0.639,0.031527765540868925,0.6915,1.3889385223388673,"[0.635, 0.605, 0.67, 0.68, 0.605]",
mi_20,AdaBoost,20,0.594,0.027459060435491945,0.75975,0.8617117404937744,"[0.545, 0.6, 0.6, 0.63, 0.595]",
mi_20,HistGradBoost,20,0.694,0.026907248094147396,0.9992500000000002,2.4233415603637694,"[0.665, 0.685, 0.735, 0.715, 0.67]",
mi_20,XGBoost,20,0.6819999999999999,0.022934689882359405,0.9992500000000002,1.5628733158111572,"[0.67, 0.685, 0.7, 0.71, 0.645]",
mi_20,LightGBM,20,0.678,0.026381811916545813,0.9992500000000002,0.9450860023498535,"[0.665, 0.665, 0.695, 0.72, 0.645]",
mi_20,CatBoost,20,0.697,0.03203123475609392,0.9460000000000001,3.4399236679077148,"[0.67, 0.7, 0.695, 0.755, 0.665]",
mi_20,Perceptron,20,0.48200000000000004,0.04915282290977803,0.5197499999999999,0.3222588062286377,"[0.465, 0.5, 0.515, 0.535, 0.395]",
mi_20,"MLP (200,100,50)",20,0.656,0.024779023386727755,0.768,0.605582332611084,"[0.615, 0.68, 0.64, 0.675, 0.67]",
mi_30,LogReg L2,30,0.686,0.024979991993593572,0.789,0.3820522308349609,"[0.695, 0.675, 0.695, 0.72, 0.645]",
mi_30,LogReg L1 (Lasso),30,0.6839999999999999,0.02395829710142185,0.78725,2.376836729049683,"[0.695, 0.66, 0.69, 0.72, 0.655]",
mi_30,Decision Tree,30,0.514,0.042118879377305365,0.9804999999999999,0.34752597808837893,"[0.525, 0.485, 0.54, 0.57, 0.45]",
mi_30,Random Forest,30,0.695,0.03146426544510453,0.9992500000000002,0.6799095630645752,"[0.675, 0.69, 0.725, 0.735, 0.65]",
mi_30,Bagging+DT,30,0.683,0.036551333764994115,0.9992500000000002,0.5761906147003174,"[0.645, 0.65, 0.71, 0.74, 0.67]",
mi_30,Bagging+LogReg,30,0.687,0.0273130005674953,0.7914999999999999,1.5143996715545653,"[0.685, 0.655, 0.71, 0.725, 0.66]",
mi_30,AdaBoost,30,0.613,0.04915282290977804,0.8055,1.0342238903045655,"[0.555, 0.6, 0.66, 0.68, 0.57]",
mi_30,HistGradBoost,30,0.706,0.03382306905057551,0.9992500000000002,1.9782534122467041,"[0.68, 0.695, 0.735, 0.755, 0.665]",
mi_30,XGBoost,30,0.7,0.023021728866442666,0.9992500000000002,1.8614454746246338,"[0.69, 0.7, 0.71, 0.735, 0.665]",
mi_30,LightGBM,30,0.71,0.030000000000000002,0.9992500000000002,1.02038516998291,"[0.69, 0.695, 0.735, 0.755, 0.675]",
mi_30,CatBoost,30,0.711,0.03693237062523878,0.96075,4.853777694702148,"[0.7, 0.695, 0.71, 0.78, 0.67]",
mi_30,Perceptron,30,0.546,0.024372115213907856,0.61525,0.3344825267791748,"[0.575, 0.53, 0.545, 0.51, 0.57]",
mi_30,"MLP (200,100,50)",30,0.696,0.031843366656181295,0.86075,0.6568399906158447,"[0.69, 0.66, 0.74, 0.725, 0.665]",
rfe_elbow_21,LogReg L2,21,0.69,0.026076809620810566,0.7764999999999999,0.021368408203125,"[0.7, 0.67, 0.72, 0.71, 0.65]",
rfe_elbow_21,LogReg L1 (Lasso),21,0.7,0.022583179581272397,0.7765000000000001,0.763283634185791,"[0.715, 0.675, 0.72, 0.72, 0.67]",
rfe_elbow_21,Decision Tree,21,0.5209999999999999,0.04029888335921976,0.9822500000000002,0.013067340850830078,"[0.535, 0.49, 0.57, 0.55, 0.46]",
rfe_elbow_21,Random Forest,21,0.6940000000000001,0.013564659966250496,0.9992500000000002,0.35842719078063967,"[0.705, 0.685, 0.68, 0.715, 0.685]",
rfe_elbow_21,Bagging+DT,21,0.6779999999999999,0.01536229149573719,0.9992500000000002,0.2118152141571045,"[0.695, 0.665, 0.685, 0.69, 0.655]",
rfe_elbow_21,Bagging+LogReg,21,0.697,0.012489995996796755,0.772,0.9145092010498047,"[0.7, 0.685, 0.71, 0.71, 0.68]",
rfe_elbow_21,AdaBoost,21,0.614,0.03865229618017538,0.7849999999999999,0.5656698703765869,"[0.56, 0.605, 0.65, 0.665, 0.59]",
rfe_elbow_21,HistGradBoost,21,0.7070000000000001,0.026191601707417588,0.9992500000000002,1.4976411819458009,"[0.69, 0.695, 0.745, 0.73, 0.675]",
rfe_elbow_21,XGBoost,21,0.6940000000000001,0.031208973068654455,0.9992500000000002,1.2684223651885986,"[0.7, 0.68, 0.74, 0.705, 0.645]",
rfe_elbow_21,LightGBM,21,0.708,0.032649655434629006,0.9992500000000002,0.6558318138122559,"[0.695, 0.685, 0.76, 0.73, 0.67]",
rfe_elbow_21,CatBoost,21,0.696,0.018814887722226753,0.9557499999999999,3.5693736553192137,"[0.69, 0.685, 0.72, 0.715, 0.67]",
rfe_elbow_21,Perceptron,21,0.515,0.046475800154488996,0.5662499999999999,0.006572723388671875,"[0.56, 0.46, 0.53, 0.46, 0.565]",
rfe_elbow_21,"MLP (200,100,50)",21,0.7049999999999998,0.04183300132670377,0.85275,0.393004322052002,"[0.75, 0.63, 0.715, 0.735, 0.695]",
consensus_27,LogReg L2,27,0.6779999999999999,0.02785677655436822,0.7729999999999999,0.04216146469116211,"[0.68, 0.67, 0.7, 0.71, 0.63]",
consensus_27,LogReg L1 (Lasso),27,0.679,0.014628738838327774,0.776,3.495368146896362,"[0.68, 0.675, 0.685, 0.7, 0.655]",
consensus_27,Decision Tree,27,0.508,0.031240998703626625,0.9887499999999999,0.02564725875854492,"[0.51, 0.51, 0.53, 0.54, 0.45]",
consensus_27,Random Forest,27,0.704,0.027459060435491955,0.9992500000000002,0.6475791454315185,"[0.71, 0.695, 0.7, 0.75, 0.665]",
consensus_27,Bagging+DT,27,0.687,0.02580697580112786,0.9992500000000002,0.44991636276245117,"[0.665, 0.665, 0.69, 0.735, 0.68]",
consensus_27,Bagging+LogReg,27,0.683,0.026570660511172822,0.7785,2.298346424102783,"[0.685, 0.67, 0.705, 0.715, 0.64]",
consensus_27,AdaBoost,27,0.608,0.025219040425837006,0.8055,0.9795375347137452,"[0.565, 0.62, 0.625, 0.635, 0.595]",
consensus_27,HistGradBoost,27,0.716,0.029732137494637007,0.9992500000000002,3.2206485271453857,"[0.705, 0.7, 0.745, 0.755, 0.675]",
consensus_27,XGBoost,27,0.7,0.027386127875258293,0.9992500000000002,2.7462346076965334,"[0.69, 0.7, 0.735, 0.72, 0.655]",
consensus_27,LightGBM,27,0.7210000000000001,0.03168595903550972,0.9992500000000002,2.460289716720581,"[0.7, 0.71, 0.75, 0.765, 0.68]",
consensus_27,CatBoost,27,0.7140000000000001,0.023323807579381194,0.9612499999999999,8.099140071868897,"[0.705, 0.685, 0.72, 0.755, 0.705]",
consensus_27,Perceptron,27,0.522,0.03762977544445356,0.56725,0.011483907699584961,"[0.515, 0.575, 0.555, 0.485, 0.48]",
consensus_27,"MLP (200,100,50)",27,0.704,0.031843366656181295,0.8852500000000001,0.8292179584503174,"[0.73, 0.665, 0.71, 0.745, 0.67]",
pca_5,LogReg L2,5,0.508,0.036138621999185286,0.516,0.09342679977416993,"[0.49, 0.46, 0.53, 0.565, 0.495]",
pca_5,LogReg L1 (Lasso),5,0.51,0.03646916505762092,0.5145,0.18562602996826172,"[0.49, 0.465, 0.53, 0.57, 0.495]",
pca_5,Decision Tree,5,0.462,0.05921148537234986,0.969,0.011648797988891601,"[0.46, 0.415, 0.525, 0.53, 0.38]",
pca_5,Random Forest,5,0.563,0.04739198244429114,0.9992500000000002,0.49838933944702146,"[0.525, 0.54, 0.64, 0.595, 0.515]",
pca_5,Bagging+DT,5,0.55,0.050695167422546296,0.999,0.19064626693725586,"[0.54, 0.515, 0.58, 0.63, 0.485]",
pca_5,Bagging+LogReg,5,0.509,0.03411744421846397,0.519,1.8599334239959717,"[0.505, 0.46, 0.53, 0.56, 0.49]",
pca_5,AdaBoost,5,0.46399999999999997,0.03720215047547656,0.6085,0.40080876350402833,"[0.455, 0.43, 0.525, 0.485, 0.425]",
pca_5,HistGradBoost,5,0.5200000000000001,0.02738612787525833,0.9992500000000002,2.4162023067474365,"[0.54, 0.475, 0.555, 0.52, 0.51]",
pca_5,XGBoost,5,0.534,0.046303347611160894,0.9992500000000002,0.8262343883514405,"[0.515, 0.475, 0.6, 0.575, 0.505]",
pca_5,LightGBM,5,0.534,0.02615339366124404,0.9992500000000002,2.2928783893585205,"[0.535, 0.525, 0.565, 0.555, 0.49]",
pca_5,CatBoost,5,0.56,0.037815340802378056,0.8072500000000001,1.9131147384643554,"[0.515, 0.535, 0.61, 0.6, 0.54]",
pca_5,Perceptron,5,0.301,0.05199999999999999,0.31649999999999995,0.013695144653320312,"[0.215, 0.35, 0.29, 0.36, 0.29]",
pca_5,"MLP (200,100,50)",5,0.542,0.03414674215792772,0.6005,0.6659204483032226,"[0.525, 0.5, 0.585, 0.58, 0.52]",
pca_10,LogReg L2,10,0.573,0.01691153452528774,0.62275,0.07294621467590331,"[0.565, 0.545, 0.575, 0.59, 0.59]",
pca_10,LogReg L1 (Lasso),10,0.575,0.014142135623730925,0.6205,0.6731071472167969,"[0.57, 0.55, 0.58, 0.59, 0.585]",
pca_10,Decision Tree,10,0.515,0.03754996671103719,0.9862500000000001,0.016290664672851562,"[0.465, 0.56, 0.485, 0.555, 0.51]",
pca_10,Random Forest,10,0.65,0.03781534080237808,0.9992500000000002,0.5503292083740234,"[0.62, 0.63, 0.685, 0.705, 0.61]",
pca_10,Bagging+DT,10,0.621,0.04103656905736642,0.9992500000000002,0.2637528896331787,"[0.58, 0.58, 0.67, 0.67, 0.605]",
pca_10,Bagging+LogReg,10,0.5700000000000001,0.01516575088810307,0.6195,2.2136043548583983,"[0.56, 0.55, 0.575, 0.595, 0.57]",
pca_10,AdaBoost,10,0.5269999999999999,0.051048996072400855,0.6599999999999999,0.5125768184661865,"[0.525, 0.485, 0.565, 0.6, 0.46]",
pca_10,HistGradBoost,10,0.62,0.033911649915626375,0.9992500000000002,2.610036611557007,"[0.605, 0.59, 0.62, 0.685, 0.6]",
pca_10,XGBoost,10,0.612,0.03854867053479277,0.9992500000000002,1.2916748046875,"[0.6, 0.595, 0.63, 0.675, 0.56]",
pca_10,LightGBM,10,0.6200000000000001,0.018708286933869722,0.9992500000000002,2.1836117267608643,"[0.6, 0.61, 0.62, 0.655, 0.615]",
pca_10,CatBoost,10,0.651,0.018275666882497082,0.9305,3.583777570724487,"[0.655, 0.625, 0.64, 0.68, 0.655]",
pca_10,Perceptron,10,0.40099999999999997,0.056426943918663534,0.4205,0.015271615982055665,"[0.435, 0.36, 0.39, 0.49, 0.33]",
pca_10,"MLP (200,100,50)",10,0.616,0.02817800560721077,0.756,0.7027744770050048,"[0.62, 0.58, 0.6, 0.665, 0.615]",
pca_15,LogReg L2,15,0.6220000000000001,0.03627671429443414,0.68975,0.06296010017395019,"[0.605, 0.59, 0.585, 0.675, 0.655]",
pca_15,LogReg L1 (Lasso),15,0.6300000000000001,0.04147288270665544,0.68925,1.2302638053894044,"[0.605, 0.595, 0.595, 0.7, 0.655]",
pca_15,Decision Tree,15,0.473,0.03969886648255844,0.991,0.018870735168457033,"[0.425, 0.455, 0.475, 0.545, 0.465]",
pca_15,Random Forest,15,0.6789999999999999,0.038392707640904924,0.9992500000000002,0.5266997337341308,"[0.66, 0.655, 0.67, 0.755, 0.655]",
pca_15,Bagging+DT,15,0.625,0.029325756597230388,0.9992500000000002,0.2677597522735596,"[0.605, 0.6, 0.65, 0.67, 0.6]",
pca_15,Bagging+LogReg,15,0.625,0.033015148038438386,0.6922499999999999,2.542550468444824,"[0.595, 0.61, 0.595, 0.68, 0.645]",
pca_15,AdaBoost,15,0.544,0.05642694391866354,0.7,0.6664074420928955,"[0.545, 0.485, 0.57, 0.635, 0.485]",
pca_15,HistGradBoost,15,0.659,0.031685959035509706,0.9992500000000002,2.820884037017822,"[0.66, 0.64, 0.66, 0.715, 0.62]",
pca_15,XGBoost,15,0.65,0.04230839160261236,0.9992500000000002,1.7277060508728028,"[0.66, 0.64, 0.625, 0.725, 0.6]",
pca_15,LightGBM,15,0.659,0.03337663853655726,0.9992500000000002,2.455003499984741,"[0.64, 0.635, 0.65, 0.725, 0.645]",
pca_15,CatBoost,15,0.659,0.04726520919238591,0.9657500000000001,5.0998471736907955,"[0.67, 0.655, 0.575, 0.72, 0.675]",
pca_15,Perceptron,15,0.45499999999999996,0.02549509756796392,0.47924999999999995,0.013619518280029297,"[0.445, 0.49, 0.48, 0.435, 0.425]",
pca_15,"MLP (200,100,50)",15,0.674,0.0159373774505092,0.8450000000000001,0.8352541923522949,"[0.67, 0.67, 0.705, 0.665, 0.66]",
pca_20,LogReg L2,20,0.6399999999999999,0.017888543819998333,0.7265,0.07194151878356933,"[0.665, 0.625, 0.615, 0.645, 0.65]",
pca_20,LogReg L1 (Lasso),20,0.642,0.012489995996796807,0.72425,1.770039701461792,"[0.645, 0.63, 0.625, 0.655, 0.655]",
pca_20,Decision Tree,20,0.502,0.04632493928760187,0.9945,0.021163082122802733,"[0.43, 0.505, 0.51, 0.575, 0.49]",
pca_20,Random Forest,20,0.6699999999999999,0.03701351104664347,0.9992500000000002,0.5765737533569336,"[0.65, 0.645, 0.695, 0.73, 0.63]",
pca_20,Bagging+DT,20,0.6279999999999999,0.04445222154178575,0.9992500000000002,0.3318200588226318,"[0.625, 0.575, 0.665, 0.69, 0.585]",
pca_20,Bagging+LogReg,20,0.6439999999999999,0.01959591794226544,0.7292500000000001,2.638721561431885,"[0.65, 0.64, 0.61, 0.67, 0.65]",
pca_20,AdaBoost,20,0.5399999999999999,0.06526867548832287,0.7145,0.8174985408782959,"[0.54, 0.495, 0.595, 0.625, 0.445]",
pca_20,HistGradBoost,20,0.666,0.03693237062523876,0.9992500000000002,3.028152084350586,"[0.655, 0.625, 0.69, 0.725, 0.635]",
pca_20,XGBoost,20,0.659,0.031685959035509706,0.9992500000000002,2.186521625518799,"[0.65, 0.63, 0.67, 0.715, 0.63]",
pca_20,LightGBM,20,0.662,0.04489988864128728,0.9992500000000002,2.3480880737304686,"[0.64, 0.62, 0.7, 0.73, 0.62]",
pca_20,CatBoost,20,0.67,0.03376388603226826,0.9800000000000001,6.655282688140869,"[0.645, 0.645, 0.685, 0.73, 0.645]",
pca_20,Perceptron,20,0.5,0.03535533905932739,0.5495,0.013975238800048828,"[0.505, 0.56, 0.495, 0.45, 0.49]",
pca_20,"MLP (200,100,50)",20,0.657,0.02158703314492288,0.8234999999999999,0.6566414356231689,"[0.63, 0.695, 0.655, 0.66, 0.645]",
pca_30,LogReg L2,30,0.692,0.017204650534085226,0.7977500000000001,0.08488302230834961,"[0.665, 0.705, 0.69, 0.715, 0.685]",
pca_30,LogReg L1 (Lasso),30,0.701,0.0058309518948453055,0.7955,2.682896041870117,"[0.69, 0.705, 0.705, 0.705, 0.7]",
pca_30,Decision Tree,30,0.472,0.06120457499239744,0.991,0.028751230239868163,"[0.405, 0.43, 0.53, 0.56, 0.435]",
pca_30,Random Forest,30,0.6849999999999999,0.03794733192202053,0.9992500000000002,0.5860922336578369,"[0.67, 0.64, 0.73, 0.73, 0.655]",
pca_30,Bagging+DT,30,0.632,0.03310589071449373,0.9992500000000002,0.4239989757537842,"[0.605, 0.625, 0.665, 0.675, 0.59]",
pca_30,Bagging+LogReg,30,0.6970000000000001,0.026570660511172826,0.8094999999999999,2.8838053226470945,"[0.645, 0.705, 0.71, 0.72, 0.705]",
pca_30,AdaBoost,30,0.57,0.057965506984757754,0.7322500000000001,1.1466693878173828,"[0.6, 0.505, 0.585, 0.655, 0.505]",
pca_30,HistGradBoost,30,0.6819999999999999,0.025806975801127854,0.9992500000000002,3.5432995319366456,"[0.685, 0.655, 0.71, 0.71, 0.65]",
pca_30,XGBoost,30,0.6779999999999999,0.037229020937972555,0.9992500000000002,3.117240381240845,"[0.66, 0.66, 0.705, 0.735, 0.63]",
pca_30,LightGBM,30,0.681,0.03638681079732048,0.9992500000000002,2.7549832820892335,"[0.65, 0.66, 0.72, 0.73, 0.645]",
pca_30,CatBoost,30,0.696,0.03555277766926235,0.9925,11.380823707580566,"[0.685, 0.675, 0.69, 0.765, 0.665]",
pca_30,Perceptron,30,0.5229999999999999,0.05353503525729669,0.59925,0.0166597843170166,"[0.55, 0.495, 0.605, 0.52, 0.445]",
pca_30,"MLP (200,100,50)",30,0.7100000000000001,0.02898275349237888,0.8782500000000001,0.6737653732299804,"[0.68, 0.69, 0.74, 0.75, 0.69]",
pca_40,LogReg L2,40,0.6980000000000001,0.01805547008526777,0.8460000000000001,0.09184746742248535,"[0.69, 0.705, 0.725, 0.7, 0.67]",
pca_40,LogReg L1 (Lasso),40,0.6900000000000001,0.012247448713915856,0.8375,4.332869577407837,"[0.675, 0.69, 0.71, 0.695, 0.68]",
pca_40,Decision Tree,40,0.47700000000000004,0.04707440918375928,0.9922500000000001,0.03707666397094726,"[0.4, 0.48, 0.53, 0.52, 0.455]",
pca_40,Random Forest,40,0.6869999999999999,0.05015974481593781,0.9992500000000002,0.6814789295196533,"[0.68, 0.63, 0.7, 0.775, 0.65]",
pca_40,Bagging+DT,40,0.63,0.05394441583704473,0.9992500000000002,0.5524087905883789,"[0.57, 0.645, 0.7, 0.67, 0.565]",
pca_40,Bagging+LogReg,40,0.705,0.013784048752090234,0.85225,3.0189372539520263,"[0.695, 0.695, 0.73, 0.71, 0.695]",
pca_40,AdaBoost,40,0.568,0.06925315877272316,0.7372500000000001,1.4197327136993407,"[0.585, 0.5, 0.595, 0.675, 0.485]",
pca_40,HistGradBoost,40,0.6990000000000001,0.03839270764090491,0.9992500000000002,4.125327777862549,"[0.73, 0.645, 0.735, 0.725, 0.66]",
pca_40,XGBoost,40,0.683,0.028913664589601897,0.9992500000000002,4.1087274074554445,"[0.7, 0.67, 0.72, 0.69, 0.635]",
pca_40,LightGBM,40,0.6839999999999999,0.03679673898594818,0.9992500000000002,2.8113651275634766,"[0.695, 0.625, 0.72, 0.72, 0.66]",
pca_40,CatBoost,40,0.701,0.04270831300812524,0.9949999999999999,12.835234975814819,"[0.695, 0.665, 0.715, 0.775, 0.655]",
pca_40,Perceptron,40,0.5640000000000001,0.02497999199359357,0.66175,0.015797758102416994,"[0.565, 0.585, 0.595, 0.525, 0.55]",
pca_40,"MLP (200,100,50)",40,0.6940000000000002,0.03597221149720989,0.8787499999999999,0.6255438327789307,"[0.7, 0.675, 0.68, 0.76, 0.655]",
pca_50,LogReg L2,50,0.697,0.02014944167960986,0.8797499999999999,0.18295445442199706,"[0.685, 0.695, 0.705, 0.73, 0.67]",
pca_50,LogReg L1 (Lasso),50,0.7,0.02236067977499787,0.868,4.979453420639038,"[0.675, 0.7, 0.725, 0.725, 0.675]",
pca_50,Decision Tree,50,0.47700000000000004,0.049457052075512965,0.99275,0.045632028579711915,"[0.435, 0.44, 0.54, 0.535, 0.435]",
pca_50,Random Forest,50,0.6880000000000001,0.034292856398964476,0.9992500000000002,0.7526221752166748,"[0.67, 0.645, 0.705, 0.745, 0.675]",
pca_50,Bagging+DT,50,0.622,0.04433959855479077,0.9992500000000002,0.6574406623840332,"[0.59, 0.6, 0.675, 0.675, 0.57]",
pca_50,Bagging+LogReg,50,0.706,0.019339079605813696,0.891,3.220481824874878,"[0.675, 0.71, 0.73, 0.72, 0.695]",
pca_50,AdaBoost,50,0.5509999999999999,0.06865857557508748,0.7310000000000001,1.7674302577972412,"[0.575, 0.455, 0.58, 0.65, 0.495]",
pca_50,HistGradBoost,50,0.6809999999999999,0.03746998799039037,0.9992500000000002,4.691378974914551,"[0.69, 0.63, 0.72, 0.72, 0.645]",
pca_50,XGBoost,50,0.679,0.030886890422960993,0.9992500000000002,5.240977382659912,"[0.685, 0.665, 0.73, 0.68, 0.635]",
pca_50,LightGBM,50,0.6859999999999999,0.027820855486487082,0.9992500000000002,2.9997697353363035,"[0.71, 0.65, 0.7, 0.715, 0.655]",
pca_50,CatBoost,50,0.698,0.02731300056749532,0.9964999999999999,16.311618661880495,"[0.66, 0.69, 0.7, 0.745, 0.695]",
pca_50,Perceptron,50,0.58,0.030331501776206204,0.693,0.01793646812438965,"[0.545, 0.57, 0.585, 0.635, 0.565]",
pca_50,"MLP (200,100,50)",50,0.7140000000000001,0.011575836902790236,0.91075,0.6996945858001709,"[0.73, 0.71, 0.705, 0.725, 0.7]",
pca_var_95,LogReg L2,33,0.679,0.023108440016582663,0.817,0.13149123191833495,"[0.655, 0.695, 0.71, 0.685, 0.65]",
pca_var_95,LogReg L1 (Lasso),33,0.683,0.018330302779823327,0.8099999999999999,3.035974884033203,"[0.665, 0.69, 0.71, 0.69, 0.66]",
pca_var_95,Decision Tree,33,0.48599999999999993,0.05083306010855537,0.991,0.03578882217407227,"[0.41, 0.47, 0.56, 0.52, 0.47]",
pca_var_95,Random Forest,33,0.692,0.030594117081556692,0.9992500000000002,0.5874290943145752,"[0.695, 0.67, 0.695, 0.745, 0.655]",
pca_var_95,Bagging+DT,33,0.6279999999999999,0.028740215726399856,0.9992500000000002,0.49904417991638184,"[0.62, 0.65, 0.645, 0.65, 0.575]",
pca_var_95,Bagging+LogReg,33,0.681,0.020591260281973982,0.8240000000000001,3.0644619941711424,"[0.665, 0.685, 0.715, 0.685, 0.655]",
pca_var_95,AdaBoost,33,0.554,0.06335613624582864,0.73375,1.195905876159668,"[0.56, 0.475, 0.58, 0.655, 0.5]",
pca_var_95,HistGradBoost,33,0.6900000000000001,0.026832815729997447,0.9992500000000002,3.7445015907287598,"[0.715, 0.66, 0.715, 0.705, 0.655]",
pca_var_95,XGBoost,33,0.671,0.022449944320643633,0.9992500000000002,3.445082902908325,"[0.665, 0.68, 0.69, 0.69, 0.63]",
pca_var_95,LightGBM,33,0.685,0.027748873851023193,0.9992500000000002,2.759162664413452,"[0.685, 0.665, 0.72, 0.71, 0.645]",
pca_var_95,CatBoost,33,0.6910000000000001,0.032155870381627046,0.99325,10.840419578552247,"[0.69, 0.695, 0.68, 0.745, 0.645]",
pca_var_95,Perceptron,33,0.5770000000000001,0.01777638883463116,0.6455,0.01555042266845703,"[0.55, 0.59, 0.58, 0.6, 0.565]",
pca_var_95,"MLP (200,100,50)",33,0.7060000000000001,0.03679673898594819,0.90725,0.8100653171539307,"[0.665, 0.69, 0.75, 0.75, 0.675]",
pca_var_99,LogReg L2,47,0.696,0.015937377450509195,0.868,0.1308422565460205,"[0.68, 0.69, 0.715, 0.715, 0.68]",
pca_var_99,LogReg L1 (Lasso),47,0.695,0.013784048752090194,0.8572500000000002,5.0328680038452145,"[0.67, 0.71, 0.695, 0.705, 0.695]",
pca_var_99,Decision Tree,47,0.47300000000000003,0.05353503525729669,0.99325,0.04352564811706543,"[0.395, 0.465, 0.535, 0.53, 0.44]",
pca_var_99,Random Forest,47,0.7030000000000001,0.03815756805667782,0.9992500000000002,0.6462484359741211,"[0.685, 0.65, 0.73, 0.76, 0.69]",
pca_var_99,Bagging+DT,47,0.631,0.03136877428271627,0.9992500000000002,0.6235776424407959,"[0.6, 0.63, 0.685, 0.64, 0.6]",
pca_var_99,Bagging+LogReg,47,0.711,0.021771541057077223,0.87775,3.061223268508911,"[0.675, 0.715, 0.73, 0.735, 0.7]",
pca_var_99,AdaBoost,47,0.554,0.07812809993849842,0.7315,1.6058181762695312,"[0.585, 0.465, 0.605, 0.655, 0.46]",
pca_var_99,HistGradBoost,47,0.6849999999999999,0.02949576240750523,0.9992500000000002,4.468257570266724,"[0.675, 0.66, 0.735, 0.7, 0.655]",
pca_var_99,XGBoost,47,0.673,0.034727510708370664,0.9992500000000002,4.9479663372039795,"[0.66, 0.675, 0.715, 0.7, 0.615]",
pca_var_99,LightGBM,47,0.682,0.03295451410656815,0.9992500000000002,2.974190664291382,"[0.685, 0.65, 0.725, 0.71, 0.64]",
pca_var_99,CatBoost,47,0.6899999999999998,0.016733200530681478,0.9949999999999999,14.878035593032838,"[0.695, 0.685, 0.675, 0.72, 0.675]",
pca_var_99,Perceptron,47,0.593,0.04760252094164764,0.6637500000000001,0.01707758903503418,"[0.565, 0.615, 0.54, 0.675, 0.57]",
pca_var_99,"MLP (200,100,50)",47,0.706,0.031208973068654455,0.893,0.7132219314575196,"[0.68, 0.67, 0.75, 0.735, 0.695]",
lda_9,LogReg L2,9,0.702,0.018055470085267776,0.8119999999999999,0.06241011619567871,"[0.73, 0.69, 0.695, 0.715, 0.68]",
lda_9,LogReg L1 (Lasso),9,0.7020000000000001,0.013266499161421575,0.812,0.4619861602783203,"[0.72, 0.7, 0.7, 0.71, 0.68]",
lda_9,Decision Tree,9,0.572,0.02785677655436823,0.9879999999999999,0.01883730888366699,"[0.53, 0.565, 0.585, 0.615, 0.565]",
lda_9,Random Forest,9,0.6829999999999999,0.011224972160321787,0.9992500000000002,0.5116270065307618,"[0.695, 0.685, 0.67, 0.695, 0.67]",
lda_9,Bagging+DT,9,0.671,0.026532998322843195,0.9990000000000002,0.22279901504516603,"[0.645, 0.685, 0.685, 0.705, 0.635]",
lda_9,Bagging+LogReg,9,0.704,0.017720045146669344,0.81075,1.2078772068023682,"[0.73, 0.69, 0.695, 0.72, 0.685]",
lda_9,AdaBoost,9,0.6460000000000001,0.019849433241279225,0.85725,0.49916949272155764,"[0.665, 0.615, 0.63, 0.66, 0.66]",
lda_9,HistGradBoost,9,0.6769999999999999,0.011224972160321799,0.9992500000000002,2.2401720523834228,"[0.665, 0.685, 0.67, 0.695, 0.67]",
lda_9,XGBoost,9,0.669,0.02596150997149433,0.9992500000000002,0.9679931640625,"[0.645, 0.71, 0.64, 0.685, 0.665]",
lda_9,LightGBM,9,0.6649999999999999,0.023452078799117135,0.9992500000000002,2.195452928543091,"[0.64, 0.7, 0.655, 0.685, 0.645]",
lda_9,CatBoost,9,0.704,0.019339079605813707,0.9460000000000001,3.1954633235931396,"[0.7, 0.715, 0.69, 0.735, 0.68]",
lda_9,Perceptron,9,0.6039999999999999,0.02267156809750929,0.696,0.016794919967651367,"[0.61, 0.58, 0.645, 0.59, 0.595]",
lda_9,"MLP (200,100,50)",9,0.6819999999999999,0.01288409872672509,0.825,0.5082525730133056,"[0.665, 0.69, 0.67, 0.7, 0.685]",
